{
  "total": 135,
  "success": 128,
  "failed": 7,
  "tickers": {
    "AAPL": {
      "days": 251,
      "latest_close": 248.8000030517578,
      "name": "AAPL"
    },
    "MSFT": {
      "days": 251,
      "latest_close": 356.7699890136719,
      "name": "MSFT"
    },
    "GOOGL": {
      "days": 251,
      "latest_close": 274.3399963378906,
      "name": "GOOGL"
    },
    "AMZN": {
      "days": 251,
      "latest_close": 199.33999633789062,
      "name": "AMZN"
    },
    "NVDA": {
      "days": 251,
      "latest_close": 167.52000427246094,
      "name": "NVDA"
    },
    "META": {
      "days": 251,
      "latest_close": 525.719970703125,
      "name": "META"
    },
    "TSLA": {
      "days": 251,
      "latest_close": 361.8299865722656,
      "name": "TSLA"
    },
    "JPM": {
      "days": 251,
      "latest_close": 282.8399963378906,
      "name": "JPM"
    },
    "JNJ": {
      "days": 251,
      "latest_close": 240.4499969482422,
      "name": "JNJ"
    },
    "V": {
      "days": 251,
      "latest_close": 295.5199890136719,
      "name": "V"
    },
    "PG": {
      "days": 251,
      "latest_close": 142.7100067138672,
      "name": "PG"
    },
    "UNH": {
      "days": 251,
      "latest_close": 259.0199890136719,
      "name": "UNH"
    },
    "HD": {
      "days": 251,
      "latest_close": 321.6499938964844,
      "name": "HD"
    },
    "MA": {
      "days": 251,
      "latest_close": 484.239990234375,
      "name": "MA"
    },
    "DIS": {
      "days": 251,
      "latest_close": 92.41999816894531,
      "name": "DIS"
    },
    "PYPL": {
      "days": 251,
      "latest_close": 43.59000015258789,
      "name": "PYPL"
    },
    "BAC": {
      "days": 251,
      "latest_close": 46.970001220703125,
      "name": "BAC"
    },
    "VZ": {
      "days": 251,
      "latest_close": 50.310001373291016,
      "name": "VZ"
    },
    "ADBE": {
      "days": 251,
      "latest_close": 234.83999633789062,
      "name": "ADBE"
    },
    "CMCSA": {
      "days": 251,
      "latest_close": 28.329999923706055,
      "name": "CMCSA"
    },
    "NFLX": {
      "days": 251,
      "latest_close": 93.43000030517578,
      "name": "NFLX"
    },
    "XOM": {
      "days": 251,
      "latest_close": 170.99000549316406,
      "name": "XOM"
    },
    "PFE": {
      "days": 251,
      "latest_close": 27.040000915527344,
      "name": "PFE"
    },
    "KO": {
      "days": 251,
      "latest_close": 75.70999908447266,
      "name": "KO"
    },
    "PEP": {
      "days": 251,
      "latest_close": 153.0399932861328,
      "name": "PEP"
    },
    "T": {
      "days": 251,
      "latest_close": 29.100000381469727,
      "name": "T"
    },
    "MRK": {
      "days": 251,
      "latest_close": 119.62999725341797,
      "name": "MRK"
    },
    "ABT": {
      "days": 251,
      "latest_close": 103.98999786376953,
      "name": "ABT"
    },
    "WMT": {
      "days": 251,
      "latest_close": 122.88999938964844,
      "name": "WMT"
    },
    "CSCO": {
      "days": 251,
      "latest_close": 79.91999816894531,
      "name": "CSCO"
    },
    "CVX": {
      "days": 251,
      "latest_close": 211.14999389648438,
      "name": "CVX"
    },
    "INTC": {
      "days": 251,
      "latest_close": 43.130001068115234,
      "name": "INTC"
    },
    "CRM": {
      "days": 251,
      "latest_close": 179.30999755859375,
      "name": "CRM"
    },
    "ORCL": {
      "days": 251,
      "latest_close": 139.66000366210938,
      "name": "ORCL"
    },
    "IBM": {
      "days": 251,
      "latest_close": 236.33999633789062,
      "name": "IBM"
    },
    "QCOM": {
      "days": 251,
      "latest_close": 127.11000061035156,
      "name": "QCOM"
    },
    "TXN": {
      "days": 251,
      "latest_close": 190.3300018310547,
      "name": "TXN"
    },
    "AMD": {
      "days": 251,
      "latest_close": 201.99000549316406,
      "name": "AMD"
    },
    "AVGO": {
      "days": 251,
      "latest_close": 300.67999267578125,
      "name": "AVGO"
    },
    "ACN": {
      "days": 251,
      "latest_close": 192.60000610351562,
      "name": "ACN"
    },
    "COST": {
      "days": 251,
      "latest_close": 983.8599853515625,
      "name": "COST"
    },
    "NKE": {
      "days": 251,
      "latest_close": 51.369998931884766,
      "name": "NKE"
    },
    "MCD": {
      "days": 251,
      "latest_close": 305.8999938964844,
      "name": "MCD"
    },
    "LLY": {
      "days": 251,
      "latest_close": 878.239990234375,
      "name": "LLY"
    },
    "TMO": {
      "days": 251,
      "latest_close": 473.3599853515625,
      "name": "TMO"
    },
    "ABBV": {
      "days": 251,
      "latest_close": 209.39999389648438,
      "name": "ABBV"
    },
    "DHR": {
      "days": 251,
      "latest_close": 181.52000427246094,
      "name": "DHR"
    },
    "NEE": {
      "days": 251,
      "latest_close": 91.4000015258789,
      "name": "NEE"
    },
    "UNP": {
      "days": 251,
      "latest_close": 238.7899932861328,
      "name": "UNP"
    },
    "PM": {
      "days": 251,
      "latest_close": 163.5399932861328,
      "name": "PM"
    },
    "RTX": {
      "days": 251,
      "latest_close": 189.7100067138672,
      "name": "RTX"
    },
    "HON": {
      "days": 251,
      "latest_close": 223.1199951171875,
      "name": "HON"
    },
    "LOW": {
      "days": 251,
      "latest_close": 230.30999755859375,
      "name": "LOW"
    },
    "UPS": {
      "days": 251,
      "latest_close": 94.80000305175781,
      "name": "UPS"
    },
    "MS": {
      "days": 251,
      "latest_close": 158.38999938964844,
      "name": "MS"
    },
    "GS": {
      "days": 251,
      "latest_close": 802.8900146484375,
      "name": "GS"
    },
    "CAT": {
      "days": 251,
      "latest_close": 695.4000244140625,
      "name": "CAT"
    },
    "BA": {
      "days": 251,
      "latest_close": 190.52000427246094,
      "name": "BA"
    },
    "GE": {
      "days": 251,
      "latest_close": 282.80999755859375,
      "name": "GE"
    },
    "MMM": {
      "days": 251,
      "latest_close": 143.0399932861328,
      "name": "MMM"
    },
    "AXP": {
      "days": 251,
      "latest_close": 292.2699890136719,
      "name": "AXP"
    },
    "DE": {
      "days": 251,
      "latest_close": 566.6400146484375,
      "name": "DE"
    },
    "SPGI": {
      "days": 251,
      "latest_close": 406.239990234375,
      "name": "SPGI"
    },
    "BLK": {
      "days": 251,
      "latest_close": 933.8499755859375,
      "name": "BLK"
    },
    "GILD": {
      "days": 251,
      "latest_close": 134.25,
      "name": "GILD"
    },
    "ISRG": {
      "days": 251,
      "latest_close": 452.6600036621094,
      "name": "ISRG"
    },
    "REGN": {
      "days": 251,
      "latest_close": 737.7100219726562,
      "name": "REGN"
    },
    "VRTX": {
      "days": 251,
      "latest_close": 433.07000732421875,
      "name": "VRTX"
    },
    "BIIB": {
      "days": 251,
      "latest_close": 183.83999633789062,
      "name": "BIIB"
    },
    "ILMN": {
      "days": 251,
      "latest_close": 117.66999816894531,
      "name": "ILMN"
    },
    "MNST": {
      "days": 251,
      "latest_close": 71.83000183105469,
      "name": "MNST"
    },
    "KDP": {
      "days": 251,
      "latest_close": 26.229999542236328,
      "name": "KDP"
    },
    "LULU": {
      "days": 251,
      "latest_close": 145.85000610351562,
      "name": "LULU"
    },
    "MRVL": {
      "days": 251,
      "latest_close": 94.87999725341797,
      "name": "MRVL"
    },
    "PANW": {
      "days": 251,
      "latest_close": 147.02000427246094,
      "name": "PANW"
    },
    "ADSK": {
      "days": 251,
      "latest_close": 229.83999633789062,
      "name": "ADSK"
    },
    "NXPI": {
      "days": 251,
      "latest_close": 191.66000366210938,
      "name": "NXPI"
    },
    "MU": {
      "days": 251,
      "latest_close": 357.2200012207031,
      "name": "MU"
    },
    "AMAT": {
      "days": 251,
      "latest_close": 337.1700134277344,